kata,jumlah_muncul
dll,93
an,81
ok,80
outbound,78
rainbow,77
floating,74
garden,73
selfie,72
hehe,71
market,60
recomended,58
kemping,57
cafe,57
refreshing,54
gathering,53
maribaya,52
free,51
selfi,50
tracking,50
slide,46
track,45
sanghyang,42
nanjak,42
ngecamp,38
tilu,36
musholla,36
parahu,35
ngadem,33
sarae,33
orchid,31
rekomen,30
overall,30
padalarang,29
prewedding,29
live,28
and,28
tmpat,28
ground,28
hills,27
warni,27
ujan,26
hunting,24
prewed,24
hehehe,24
amazing,24
guys,23
punclut,23
rekomended,22
cic,21
nginep,21
ngopi,21
drink,21
instagram,21
liberty,21
strawberry,21
malela,20
guide,20
dago,20
santorini,20
nyantai,19
haha,18
tuker,18
nge,17
all,17
hp,16
rbu,16
explore,16
ber,15
treking,15
lho,15
heuleut,15
eiffel,15
nan,14
ciburuy,14
siapin,14
refresing,14
pawon,14
kenit,14
weekdays,14
pikuk,13
wkwk,13
saguling,12
terimakasih,12
bantuin,12
btw,12
domas,12
jayagiri,12
hahaha,11
maps,11
recommend,11
prahu,11
recomend,10
covid,10
dituker,10
tour,10
segitu,10
enjoy,10
room,10
laper,9
stand,9
wedding,9
muter,9
rajamandala,9
icon,9
fun,9
cililin,9
wkwkwk,9
dslr,9
marketnya,9
holiday,9
indomie,9
game,9
stroller,9
byr,8
offroad,8
hrga,8
bro,8
extra,8
leuwi,8
pemandanganya,8
bridge,8
niagara,8
burangrang,8
like,8
voucher,8
hits,8
ig,8
masya,8
ciwangun,8
house,8
twa,8
here,8
full,8
kesananya,8
hill,8
your,8
building,8
experience,8
tea,8
milo,8
ksana,8
metik,8
bond,7
nenangin,7
tourist,7
tempatny,7
jawabarat,7
waterfall,7
relax,7
kbb,7
masing,7
include,7
jl,7
ngemil,7
mancing,7
games,7
far,7
coin,7
day,7
pricey,7
idr,7
masigit,7
opat,7
paintball,7
handphone,7
kids,7
kebon,6
post,6
dkt,6
dngn,6
niis,6
flaying,6
landscape,6
exotic,6
pre,6
prosotan,6
gaes,6
youtube,6
citarum,6
rafting,6
ngambil,6
ngos,6
nagih,6
tracknya,6
traveling,6
enakeun,6
makananya,6
sejukk,6
pasilitas,6
merefresh,6
review,6
nyasar,6
better,6
outing,6
must,6
bakery,6
very,6
wood,6
lewatin,6
with,6
citylight,6
online,6
hobbit,6
krg,5
asikk,5
trail,5
rest,5
soft,5
background,5
okay,5
high,5
berselfie,5
syaa,5
tikoro,5
opening,5
atv,5
honeymoon,5
omas,5
shooting,5
epic,5
staycation,5
usahain,5
luass,5
my,5
update,5
goweser,5
disaranin,5
hiling,5
mbl,5
job,5
bestie,5
blerang,5
animal,5
breakfast,5
nyewa,5
wifi,5
take,5
dipinjemin,5
hobby,5
coloseum,5
snack,5
light,5
booking,5
have,5
souvernir,5
rban,5
kresek,5
colosseum,5
alfamart,5
foodcourt,5
sukawana,5
wonderfull,5
excited,5
thx,4
mhl,4
jmbatan,4
gais,4
land,4
effort,4
awesome,4
hepi,4
town,4
private,4
sngat,4
mantaf,4
joss,4
shelter,4
muncak,4
menangtang,4
shoot,4
worthed,4
escape,4
mnuju,4
temoat,4
outbondnya,4
tmpatnya,4
jlan,4
hihi,4
nginap,4
hhe,4
prewedd,4
orangtua,4
vibe,4
activity,4
andrenalin,4
dinginn,4
playing,4
restauran,4
dieuland,4
tenpatnya,4
spinx,4
eifel,4
buanyak,4
nyegerin,4
swt,4
ekspetasi,4
sovenir,4
jogging,4
drone,4
terllu,4
slidenya,4
quality,4
cipatat,4
scooter,4
plng,4
cash,4
really,4
outboundnya,4
crew,4
poek,4
you,4
vr,4
follow,4
safety,4
season,4
eo,4
crowded,4
up,4
meeting,4
stay,4
oiya,4
motoin,4
rekomend,4
grab,4
dsb,4
bike,4
by,4
adeem,4
parongpong,4
hangout,4
anter,4
coffee,4
twgc,4
mkan,4
tenpat,4
off,4
mushollanya,4
selfy,4
lmyn,4
slr,4
mushalla,4
eksplore,4
wkwkw,4
tafso,4
berphoto,4
itung,4
juanda,4
pine,4
tiker,4
elf,3
santay,3
venue,3
move,3
that,3
bdg,3
jajananya,3
kurg,3
jm,3
ngapa,3
mnju,3
champing,3
door,3
tempatnnya,3
pengunungan,3
play,3
short,3
instagrammable,3
aplg,3
adrenaline,3
pkonya,3
bwa,3
maksa,3
dimintain,3
ngebosenin,3
ruame,3
moment,3
picnic,3
tenant,3
hrg,3
nampung,3
new,3
praweding,3
nuasa,3
photoshoot,3
well,3
green,3
wat,3
group,3
curuknya,3
beca,3
ngcamp,3
end,3
tjakep,3
ditemuin,3
mantaps,3
extrem,3
suana,3
musholah,3
hmm,3
instagramble,3
cool,3
markotop,3
datengin,3
okee,3
driver,3
traveloka,3
at,3
thanks,3
intagramable,3
ane,3
menyebrangi,3
gatering,3
training,3
overprice,3
booming,3
tower,3
dibersihin,3
picture,3
double,3
pokona,3
now,3
syuka,3
okeh,3
selpi,3
okey,3
airterjun,3
upload,3
sosmed,3
tq,3
begtu,3
nganter,3
duper,3
gejrot,3
potoin,3
around,3
hidden,3
susana,3
ng,3
cross,3
curuk,3
sbnrnya,3
masyaalloh,3
grtis,3
wista,3
pokoke,3
flyng,3
ir,3
djuanda,3
road,3
parking,3
yups,3
taste,3
wefie,3
traveller,3
pasca,3
unt,3
orange,3
study,3
slides,3
price,3
flyingfox,3
aseupan,3
lmyan,3
heleut,3
peak,3
dtuker,3
pool,3
views,3
ontang,3
neduh,3
sdikit,3
again,3
indiana,3
note,3
podeng,3
landmark,3
anget,3
boat,3
stroler,3
castle,3
angle,3
gugel,3
file,3
teu,3
temlat,3
ijen,3
jagan,2
ngumpet,2
besih,2
rover,2
ootd,2
indian,2
kesanah,2
luaas,2
ksna,2
pra,2
hah,2
heh,2
hoh,2
nyeduh,2
tamanya,2
kets,2
ngisi,2
legend,2
lumaya,2
mndi,2
jos,2
puanas,2
com,2
wo,2
channel,2
rekomed,2
hamok,2
nyapun,2
dengna,2
ksananya,2
check,2
maknyos,2
bnged,2
trecking,2
nemu,2
mnuman,2
wis,2
guidenya,2
ngasuh,2
corona,2
yaman,2
ngosan,2
pmula,2
affordable,2
suasan,2
helpful,2
gaskeun,2
fast,2
contact,2
tedc,2
reviewnya,2
ngangenin,2
wiasata,2
bagunan,2
hhehe,2
trmpatnya,2
instragramable,2
menghianati,2
unk,2
hahah,2
represing,2
ciumbuluit,2
nyatu,2
bajetnya,2
engak,2
diinjek,2
try,2
untu,2
pay,2
can,2
colloseum,2
dkasih,2
student,2
dream,2
please,2
citumang,2
ngelatih,2
dtang,2
san,2
edi,2
insya,2
dicobain,2
climbing,2
hall,2
benerin,2
nuker,2
xixi,2
design,2
muterin,2
feel,2
dket,2
hoby,2
eifeel,2
restouran,2
nyh,2
temoatnya,2
kmna,2
luarbiasa,2
suejuk,2
beh,2
kec,2
nyurug,2
toliet,2
painball,2
segarr,2
paksu,2
basement,2
gess,2
macetos,2
dtng,2
permaianan,2
block,2
ovo,2
trmpat,2
softdrink,2
hehehehe,2
dirapihin,2
ticketing,2
hatihati,2
dinaikin,2
ditawarin,2
memory,2
damri,2
hahahaha,2
transport,2
maksh,2
az,2
taro,2
istrhat,2
exit,2
nyengat,2
udarany,2
cafenya,2
facebook,2
site,2
keringetan,2
uenak,2
nye,2
backpacker,2
larose,2
taoi,2
htmnya,2
thank,2
feed,2
traditional,2
dicurug,2
tempatnyaa,2
berpoto,2
sleeping,2
sign,2
masyallah,2
security,2
ahahahahaa,2
warlok,2
sdn,2
cisarua,2
greenhouse,2
bete,2
ditangkuban,2
perjalananya,2
mls,2
lagih,2
story,2
management,2
ohiya,2
entertainment,2
shop,2
syeru,2
banyar,2
event,2
sepoy,2
walopun,2
local,2
benefit,2
guha,2
selfienya,2
trackingnya,2
perfect,2
rekom,2
amaze,2
pie,2
annya,2
important,2
ice,2
selvi,2
gem,2
trial,2
stroberry,2
worry,2
tempar,2
ngumpul,2
ngang,2
ngong,2
yaiyalah,2
ngerusak,2
puass,2
diresto,2
angrek,2
kecurug,2
indahh,2
nyediain,2
sni,2
pantesan,2
idul,2
spoy,2
jug,2
box,2
guy,2
dtukar,2
hikking,2
lemontea,2
expektasi,2
lake,2
dikunjungin,2
dst,2
horror,2
bungalownya,2
manca,2
world,2
trakhir,2
kumplit,2
rope,2
sawung,2
shutle,2
pokonamah,2
support,2
kd,2
low,2
campground,2
kars,2
zonk,2
dibayarin,2
touring,2
camcer,2
moveon,2
sweeter,2
gakan,2
both,2
ditukerin,2
mtr,2
chanel,2
hahahaa,2
bbrapa,2
ngecas,2
lovely,2
fress,2
strawberrynya,2
instragamable,2
nyampai,2
renov,2
juice,2
ciumbuleuit,2
swa,2
strowberry,2
first,2
strawbery,2
travelling,2
triomphe,2
breathtaking,2
mountain,2
shg,2
pinjeman,2
foodcort,2
safe,2
travel,2
moderate,2
saha,2
hrganya,2
menikamati,2
ngebul,2
kelaperan,2
suttle,2
slade,2
hape,2
way,2
barn,2
blueberry,2
because,2
ngejar,2
barukai,2
dkunjungi,2
sdng,2
uniq,2
nov,2
skalian,2
coz,2
paving,2
musolla,2
haa,2
public,2
dome,2
breakfastnya,2
etc,2
slider,2
pko,2
range,2
permainanya,2
trekingnya,2
mehong,2
respect,2
duluan,2
cipanas,2
from,2
parkiranya,2
nolak,2
letsguide,2
kmr,2
mushollah,2
sorry,2
mainstream,2
fyi,2
once,2
pcs,2
mtor,2
visited,2
ranch,2
frame,2
attitude,2
under,2
daily,2
membludak,2
tampat,2
gaboleh,2
baby,2
itk,2
sbntr,2
laukna,2
hese,2
softcopy,2
basecamp,2
sman,2
batujaya,2
put,2
adult,2
backpaker,2
liberti,2
fasiltas,2
wkwkkw,2
piece,2
passport,2
merchandise,2
if,2
loohh,2
pricy,2
boot,2
print,2
kawas,2
ditemenin,2
ciwi,2
most,2
orchidnya,2
lodge,2
ulala,2
instragamble,2
simaksi,2
sunscreen,2
flowers,2
putt,2
pastiin,2
brmacam,2
bny,2
kendaran,2
beauty,2
speda,2
stoler,2
cibaduyut,2
why,2
booth,2
tpt,2
nymn,2
chef,2
nunjukin,2
latte,2
bojongsero,2
flyfox,2
selvy,1
kokona,1
yari,1
benget,1
hha,1
krlga,1
tapu,1
vasfor,1
campcer,1
nyerah,1
hilanging,1
berselfi,1
outdor,1
walo,1
yess,1
slain,1
mlihat,1
pemandangn,1
yunik,1
srg,1
fashion,1
sempetin,1
tembat,1
numpang,1
caww,1
lnjut,1
estetic,1
campervan,1
asique,1
sktr,1
cost,1
too,1
rent,1
tyo,1
ngrefres,1
lipa,1
caga,1
mnurut,1
magna,1
suas,1
lgh,1
dalah,1
trade,1
espc,1
mushallanya,1
pqgi,1
cindra,1
akset,1
xsc,1
blanja,1
ngehitz,1
ending,1
ngjaga,1
itur,1
haruz,1
aerny,1
voba,1
steleah,1
muaaccet,1
ngelewatin,1
mindfulness,1
reebox,1
kaoskki,1
ngedate,1
mocca,1
boutique,1
cibatu,1
penjajaja,1
ungun,1
niagaranya,1
semberawut,1
typograpy,1
stretphotogrpy,1
tomlol,1
gy,1
bberapa,1
plora,1
kelrg,1
after,1
curugna,1
ath,1
citynight,1
sexy,1
taham,1
atit,1
hanyaa,1
disemangatin,1
ayang,1
syahhdu,1
wahanya,1
plosotannya,1
llembang,1
murahn,1
jalananya,1
instragmable,1
buangged,1
untukbanak,1
ex,1
melipir,1
nongkro,1
mlpas,1
tdran,1
parawisata,1
lotion,1
anlob,1
bagis,1
ishoma,1
yanglain,1
bngit,1
lestguide,1
tm,1
malumaluin,1
kesinimah,1
ciaseupan,1
hehehhe,1
baguscocok,1
fiewnya,1
ngereview,1
tongeret,1
sirine,1
mnyenang,1
body,1
nagiih,1
package,1
packed,1
comercial,1
hee,1
pembanguna,1
castel,1
lrbih,1
trak,1
monkey,1
chan,1
mdp,1
dlarang,1
keluarrga,1
teambuilding,1
people,1
temna,1
gaide,1
sue,1
spatu,1
mping,1
puol,1
sbln,1
psg,1
semnjak,1
citrum,1
kadamg,1
aekali,1
detoksonasi,1
nnagin,1
tmpty,1
brmain,1
anky,1
aut,1
bondnya,1
point,1
prov,1
eank,1
santeii,1
nyamn,1
bagett,1
keu,1
nyamai,1
nagua,1
represhing,1
jeblog,1
hihu,1
scenenya,1
axses,1
nyemplung,1
curugnyaa,1
coc,1
usdah,1
alus,1
praweading,1
dj,1
hehehehehe,1
sepanjabg,1
prtama,1
itari,1
flinstone,1
tqpi,1
motorcross,1
tooilet,1
tuhann,1
cottages,1
kunjjngan,1
lonsongsor,1
belkang,1
noloktok,1
terfavorite,1
dijmin,1
kuykuy,1
menjernhkan,1
recemended,1
priwed,1
sunrice,1
quick,1
perpangjang,1
stss,1
mash,1
beeuh,1
baagguus,1
tempatnatnya,1
hmti,1
dongpak,1
prawedding,1
sunblok,1
pelidung,1
familt,1
vacation,1
bmyk,1
eksplor,1
krja,1
harua,1
trandisional,1
menywnangkan,1
mantappss,1
handrail,1
rahong,1
perbenlanjaan,1
wlw,1
cpe,1
trbyar,1
bauar,1
tukerin,1
swallow,1
hard,1
azizahh,1
hiks,1
hikzz,1
bagsu,1
shanghyang,1
outbonding,1
waiib,1
aksesjya,1
wao,1
cibuluit,1
terkelnal,1
cicnya,1
makananny,1
perosotanny,1
cukupbawa,1
seoerti,1
favourit,1
hahha,1
mantabss,1
kesekin,1
refres,1
cuna,1
bud,1
pakiran,1
diperlajanan,1
membungungkan,1
broo,1
swmoga,1
limayan,1
rabb,1
mudh,1
allin,1
relaxing,1
sesion,1
famget,1
sedikt,1
meh,1
ektra,1
suangai,1
bebukitan,1
ngehilangin,1
survive,1
pnjg,1
pembangungan,1
kases,1
mdh,1
mostly,1
smpah,1
cascade,1
subhanallooh,1
scepatnya,1
klrg,1
fres,1
wosata,1
mulu,1
nenikmati,1
dperahu,1
sunblock,1
mancari,1
themepark,1
spynx,1
kweren,1
flintstone,1
ngaka,1
lembng,1
tangkubanprahu,1
bebeberapa,1
direstonya,1
dwngan,1
club,1
matic,1
tolongin,1
syeugeuur,1
istirhat,1
playingfork,1
netijen,1
instagramer,1
eha,1
cuz,1
many,1
memdapatkan,1
instgramable,1
arabica,1
sense,1
ditunjukin,1
cottage,1
dengn,1
eajib,1
bobocabinnya,1
uhuuy,1
mun,1
gurug,1
satuin,1
pemandangamnya,1
tempatya,1
tempatluas,1
pemandangaan,1
maakanan,1
marketingnya,1
pacr,1
trjangkau,1
refting,1
ftgrafer,1
terjunya,1
genggehek,1
benteur,1
wkwkwkwk,1
lazybag,1
galupa,1
flysheet,1
riaa,1
dsuguhkann,1
blerangg,1
bbr,1
weekemd,1
stabdart,1
yaadisini,1
hihihi,1
haei,1
ln,1
comfort,1
action,1
wekend,1
berendem,1
mantullk,1
dsrl,1
welcom,1
mavem,1
bunha,1
jalanpetugas,1
tam,1
relatip,1
hacking,1
nyeruput,1
prmainan,1
pemirsaah,1
orcitnya,1
mercandes,1
orcit,1
quran,1
ciputri,1
almost,1
everywhere,1
tempattnyaa,1
keurenn,1
liburann,1
sinihh,1
longaor,1
lesmana,1
menurit,1
mengenjungi,1
tsk,1
tersuga,1
spink,1
kalou,1
privacy,1
mantapss,1
kukucuprakan,1
goodlah,1
ngeganggu,1
ngikuut,1
mudak,1
tenan,1
muantaf,1
beulum,1
dalemnga,1
train,1
dinginkrn,1
ngbrol,1
motocross,1
monyed,1
seiklashnya,1
dlsr,1
cndrung,1
knapa,1
athlah,1
cisameung,1
hatiw,1
terunch,1
knangannya,1
meniknati,1
krmr,1
munngkin,1
jajang,1
dkk,1
sharing,1
fotofoto,1
dariluar,1
kesannaya,1
batt,1
temat,1
ridak,1
perlajalan,1
bebijh,1
stempat,1
lvl,1
mntneering,1
mangement,1
ternyta,1
terll,1
dooang,1
karokean,1
crewnya,1
destination,1
momentnya,1
kekuarga,1
otbon,1
shaum,1
cafetaria,1
healonh,1
ar,1
aseek,1
apapum,1
wadidaw,1
cuara,1
horse,1
workshop,1
jram,1
photography,1
wahidin,1
siu,1
finish,1
sanghynag,1
trtm,1
dinhinan,1
muslimah,1
kekempingan,1
nyemot,1
strobery,1
nguras,1
bangetfotonya,1
luaass,1
ketagian,1
attactions,1
sejut,1
ngeshot,1
cumaa,1
curxffksjrkwkhkd,1
jdwal,1
plis,1
ora,1
dirapihkan,1
think,1
pmbagian,1
pnjaga,1
matiin,1
nyanan,1
sight,1
seing,1
recomendid,1
alamya,1
nuanasa,1
juha,1
jp,1
restroom,1
greenlake,1
jalurny,1
pliss,1
gsm,1
suasta,1
ngertakeun,1
menyenagkan,1
semuaa,1
mengkoordinir,1
campenger,1
hailing,1
gym,1
ateur,1
geude,1
jajanann,1
mio,1
gaakan,1
link,1
dk,1
mr,1
dwikurnianto,1
dwi,1
kurnianto,1
oklah,1
curugn,1
tkg,1
ngetes,1
statue,1
jangkaun,1
sukawanah,1
rapet,1
daari,1
perjlanan,1
byar,1
brenang,1
njing,1
spit,1
build,1
closer,1
dngin,1
teletubbies,1
rekomendeed,1
tempate,1
hoax,1
bngung,1
semangkin,1
pkkny,1
attention,1
proper,1
gogle,1
parkian,1
gaiss,1
aviary,1
musholahnya,1
menyusurin,1
malelanya,1
ikonya,1
band,1
kuatin,1
fismen,1
ntrinya,1
gauide,1
pnginapan,1
flyong,1
line,1
recommendasian,1
bungalow,1
heelsnya,1
wiken,1
hew,1
dsbnya,1
pisaandan,1
sphynx,1
upgrade,1
ngenikmatin,1
tersa,1
wifie,1
landrover,1
sweet,1
memories,1
ngeguide,1
nyebrangnya,1
smile,1
akyu,1
hamokan,1
pasport,1
kenangann,1
nuntun,1
manggul,1
serelah,1
gmpas,1
curuh,1
beesih,1
permhatian,1
samapah,1
ngecam,1
smart,1
hamock,1
muterinnya,1
mx,1
nyampek,1
obwis,1
costumer,1
karanganya,1
weeding,1
gejrotnya,1
berhrga,1
kaawahny,1
hihiw,1
bayr,1
buanyaak,1
tentuny,1
efford,1
overpriced,1
sangay,1
pemandangsn,1
indsh,1
mslam,1
syahduu,1
lelahh,1
tetjal,1
reality,1
serodotan,1
meet,1
rodo,1
mskipun,1
mugkin,1
jhga,1
heueleut,1
edutainment,1
urra,1
pemandanganny,1
cyrug,1
traveler,1
buffett,1
teeletak,1
pangalengan,1
mbc,1
wellpad,1
walaopun,1
domasnya,1
jlnya,1
totebag,1
ptotokol,1
allhamdulilah,1
trcapai,1
kemcer,1
everest,1
meweg,1
laah,1
besama,1
hanimun,1
serame,1
emen,1
masyaa,1
ngesang,1
alhamdulillaah,1
mirrorless,1
exotis,1
amzing,1
euyy,1
denga,1
mint,1
jogja,1
swrru,1
penuuhh,1
artistic,1
wkwkwkj,1
oelayanan,1
ramh,1
oiaa,1
sekumulan,1
wil,1
buffet,1
baagus,1
kloksni,1
maauupun,1
okeeh,1
professional,1
banggetzz,1
field,1
tanjqkannya,1
wikend,1
mnenangkan,1
segeer,1
kempingnya,1
suasanan,1
caucasian,1
odong,1
tarsan,1
asoepan,1
golosor,1
klinci,1
uhuy,1
tajem,1
beuuh,1
paljng,1
ten,1
dinomersekian,1
mausk,1
mehonk,1
tempaynya,1
gathreing,1
mnikmati,1
pncipta,1
lypa,1
penbenahan,1
sefti,1
gasebo,1
dpot,1
glaming,1
abiiss,1
camera,1
kenah,1
nyurugnya,1
maasyaallaah,1
eifell,1
sphinix,1
kempingpun,1
trailnya,1
iai,1
zaytun,1
baguus,1
sangatlahh,1
eid,1
disuru,1
ngett,1
bromonya,1
bagidu,1
kayk,1
peacefull,1
waseek,1
bberpa,1
expetasi,1
nyuci,1
zmn,1
jurasic,1
ggs,1
solidarity,1
outbon,1
befoto,1
ingen,1
gunug,1
warninya,1
mantuls,1
endes,1
foreigner,1
hammocking,1
khaliq,1
absolute,1
ddataran,1
sambelnya,1
nendang,1
duooz,1
excellent,1
vandung,1
bisaberkunjung,1
tpatnya,1
goepark,1
esthetic,1
nyiapin,1
bayarr,1
bertreking,1
ngarah,1
bahawa,1
kokoro,1
curuganya,1
bright,1
laporin,1
xixixi,1
ob,1
hammam,1
keberrsihan,1
tiketny,1
hadehh,1
kgk,1
memjauhi,1
shokat,1
direkomendasiin,1
avp,1
funlah,1
sjalannya,1
penambagan,1
there,1
mosque,1
including,1
preweding,1
fotographer,1
alhamdulilah,1
han,1
persiapin,1
lewet,1
hehhr,1
menghabisakan,1
mantapks,1
rekomanded,1
pemandanga,1
sarea,1
minigolf,1
dimainin,1
pelayannan,1
trimakasih,1
sagala,1
hhaha,1
swy,1
gathring,1
kamuh,1
tikernya,1
zip,1
coaster,1
sometimes,1
gasebonya,1
jungle,1
dbalap,1
kai,1
pnasaran,1
mnantang,1
muadeep,1
rancaupas,1
sept,1
gentleman,1
spooky,1
salamsinglefighter,1
harry,1
survival,1
hsphotograph,1
closed,1
maranggi,1
ketagihann,1
miniature,1
meninmati,1
lomayan,1
menyanangkan,1
mantull,1
unch,1
rekomendt,1
popotoan,1
hahahahah,1
lumayaann,1
enaakk,1
yaituh,1
benarw,1
traill,1
outlate,1
prgi,1
diterowingan,1
kesni,1
yqng,1
mlepas,1
peramutan,1
murce,1
tlng,1
areaa,1
gajauh,1
tampul,1
aware,1
monkeys,1
dibolehin,1
recoment,1
audience,1
kaalo,1
barng,1
kentel,1
nerbangin,1
huhuuhu,1
dangat,1
bebanin,1
sigra,1
fussion,1
dilatarbelakangi,1
foodcourtnya,1
eeuuy,1
ddieu,1
offroadnya,1
disanah,1
polkestama,1
mengdakan,1
kominikasi,1
indahny,1
jub,1
turuun,1
goto,1
artificial,1
pinjemin,1
balikin,1
tiekt,1
minumn,1
standrt,1
sush,1
temrp,1
dduk,1
coabain,1
wowsaraehills,1
inu,1
keereen,1
stowberrynya,1
terlihay,1
easy,1
access,1
pililhan,1
jerniah,1
progress,1
pent,1
cros,1
dimaree,1
gethering,1
housekeeping,1
aplous,1
vulcano,1
culture,1
asoy,1
margojib,1
grand,1
protol,1
metikin,1
airnyanya,1
tker,1
jmbtan,1
backpackeran,1
titipin,1
babarapa,1
gaspool,1
suananya,1
bageeur,1
pang,1
skdar,1
databg,1
lewi,1
ayeum,1
skill,1
upass,1
pandemic,1
equestriannya,1
seller,1
ngegaji,1
trending,1
impact,1
sunsite,1
suasanannya,1
pergijadi,1
ntapslah,1
dibilangin,1
lihatbdedaunan,1
pager,1
mandangin,1
exotik,1
menjafi,1
jelajahin,1
seudah,1
uy,1
wuuiihh,1
daycation,1
minep,1
makananan,1
gerbng,1
mapala,1
sispala,1
wlpn,1
ngelola,1
asesories,1
patenn,1
dibalikin,1
kepake,1
ngerefres,1
iraha,1
hehheehe,1
pamandangan,1
wkkwk,1
aaja,1
twebilang,1
fok,1
race,1
ngikut,1
plosok,1
kekestariannya,1
strategies,1
sunrisee,1
glide,1
seumedang,1
disimpen,1
kasihmakan,1
leash,1
list,1
diposting,1
lakukam,1
gerimismengundang,1
vocher,1
ngehadang,1
africa,1
africanya,1
cibur,1
kar,1
kie,1
futu,1
protocol,1
sluncuran,1
sedikitr,1
parkirin,1
looking,1
hadeeuuh,1
untum,1
superr,1
nyantei,1
indomaret,1
hil,1
emanuel,1
ndelu,1
wele,1
bangetz,1
menhirup,1
shimahi,1
keseluruah,1
insyallah,1
distamp,1
sbtu,1
tmbhn,1
skitr,1
lumyn,1
outlet,1
tuerkedjoet,1
kedaeraah,1
buruaan,1
aream,1
abak,1
ngalis,1
bepotoan,1
ibdh,1
mkann,1
dagingny,1
disiapin,1
shootnya,1
catchy,1
galaxy,1
susananya,1
seperto,1
flyngfox,1
what,1
spend,1
beloved,1
buibu,1
dont,1
broh,1
humble,1
able,1
penetralisir,1
tidaj,1
ahay,1
heheh,1
tenanga,1
pemanadangan,1
rombonga,1
susupin,1
benerbener,1
elizabeth,1
wuenak,1
tidam,1
gunput,1
dikitbudh,1
pulsng,1
mantaab,1
nebus,1
misquen,1
infrastuktur,1
sudaj,1
berlibir,1
nyabagus,1
giru,1
ajip,1
homestay,1
farmnya,1
teuteup,1
photografer,1
nyamann,1
sprei,1
souvenirs,1
outbind,1
usual,1
berfore,1
sahyang,1
mntap,1
romantic,1
menikmatinpemandangan,1
bloo,1
gaag,1
gardenya,1
kirmirnya,1
standby,1
promisi,1
maknyuuss,1
dbwa,1
country,1
sbyk,1
yand,1
seakaan,1
ciseupan,1
bubrug,1
tampa,1
beeneran,1
enjoyable,1
ratenya,1
dinggin,1
sarankam,1
beekunjung,1
ketima,1
terlalj,1
transakasi,1
self,1
heal,1
cirata,1
safetynya,1
indh,1
trsedia,1
berbgai,1
tada,1
alhamdullilah,1
mantabz,1
sipengunjung,1
hotspring,1
cuug,1
wolayahnya,1
tll,1
sejuuk,1
corner,1
gemricik,1
nyg,1
jurug,1
spoot,1
jatak,1
explor,1
akam,1
mengecewalan,1
tree,1
yga,1
balerang,1
disarankn,1
terciun,1
led,1
gsalah,1
gabole,1
bett,1
dano,1
logde,1
fannibjek,1
kaban,1
ajaah,1
slidenyaa,1
masik,1
floatingnya,1
garugii,1
rekomenn,1
tidsk,1
nyess,1
kenadaraan,1
kemaraua,1
dampingin,1
selfinya,1
oranfg,1
letaanknya,1
warungny,1
daach,1
cikarang,1
drmh,1
wakeup,1
hey,1
loves,1
charger,1
ccukup,1
cociks,1
heulet,1
ngaliwet,1
ciptannya,1
krnsdh,1
dibantuin,1
najak,1
nenarik,1
aseli,1
umtuk,1
gasempet,1
keindahanya,1
teket,1
atandar,1
sebeleum,1
treatment,1
brgkat,1
sayange,1
cipali,1
befa,1
pagipagi,1
brain,1
refreshment,1
hujang,1
terngan,1
uwu,1
thrones,1
verkemah,1
peraltan,1
dpet,1
ika,1
diindomart,1
sirotol,1
mustaqim,1
bersma,1
kmpus,1
wrung,1
genjel,1
enaken,1
standaf,1
travle,1
sudsh,1
cirug,1
ditmpt,1
exstrem,1
mnrt,1
nyumbang,1
bitang,1
sesuay,1
kyotoku,1
sholawatin,1
york,1
wort,1
kelaurga,1
njajal,1
gp,1
ngantuk,1
nukerin,1
chocolate,1
jum,1
dijepang,1
saltum,1
heehehe,1
dikenalkn,1
ngicipin,1
temapatnya,1
cmiww,1
chip,1
pemamdangan,1
salonpas,1
recomendasi,1
direnov,1
waiting,1
listnya,1
lightnya,1
pinecone,1
covit,1
cocokla,1
holy,1
lumayam,1
yourself,1
ngerefresh,1
prkiran,1
bangak,1
vinus,1
curuglayungjos,1
disemarang,1
adany,1
klurga,1
riweh,1
luck,1
couple,1
kontruksi,1
ngusir,1
xtrim,1
buget,1
nescafe,1
nestea,1
beuh,1
grabbike,1
gobike,1
tmabahan,1
protok,1
peer,1
detok,1
jauuh,1
lumyan,1
amartha,1
bridgenya,1
sespim,1
iket,1
siaang,1
muantap,1
ngecewain,1
hiker,1
camper,1
watch,1
tradisonal,1
date,1
any,1
eb,1
ngoahahahah,1
iconic,1
rekomendit,1
stranger,1
ngojai,1
aaku,1
ditukerkan,1
xiaomi,1
nerbener,1
byrnya,1
rakayasa,1
heleeut,1
wuih,1
miyana,1
ptpn,1
landy,1
cruiser,1
lupaa,1
ceritain,1
kaliyaa,1
wwah,1
favorite,1
melehoy,1
explorer,1
sueger,1
loving,1
mangat,1
nyeseel,1
seharianpokoknya,1
sepuasnyaa,1
minerale,1
delivery,1
thankyou,1
ll,1
forget,1
running,1
semalm,1
cottagenya,1
pengeloaan,1
dantempat,1
dbantu,1
musolah,1
mhn,1
dec,1
tail,1
macaque,1
opatnya,1
asemm,1
yra,1
newexperience,1
replikalandmarkdunia,1
weding,1
fersin,1
murahh,1
semanghat,1
gaban,1
qris,1
edc,1
windows,1
banyaj,1
statuenya,1
dpat,1
famgath,1
fall,1
canada,1
bundling,1
strong,1
jalannsudah,1
daper,1
esotik,1
milonya,1
wasatawan,1
gakpernah,1
keinndahannya,1
buanyaq,1
jelasinnya,1
putput,1
adventurer,1
extta,1
apk,1
yogrt,1
kenngan,1
prau,1
julukin,1
hihih,1
bershabat,1
checkout,1
sterilin,1
official,1
pemangangannya,1
kpengin,1
hehee,1
want,1
harnessnya,1
jurig,1
berliak,1
intuk,1
terrekam,1
flower,1
word,1
priced,1
materialistic,1
ahaha,1
teamwork,1
gps,1
kengininan,1
bukittinggi,1
mendings,1
edia,1
bushcraft,1
segerbuat,1
dibdg,1
prefer,1
ekekekek,1
ciater,1
puanasnya,1
dwwasa,1
pros,1
cons,1
dingim,1
pnh,1
bri,1
minizoo,1
reccomend,1
tissu,1
hadewuh,1
mngurangi,1
pngunjung,1
leuit,1
brsih,1
sminggu,1
kdpanya,1
difoodcourt,1
khusys,1
chinnes,1
foro,1
insta,1
instragammable,1
yahampir,1
nyawer,1
sound,1
jalurr,1
dicharge,1
outfitnya,1
berswa,1
condok,1
pembangunanya,1
ditamannya,1
maenan,1
dbuatkan,1
rooftop,1
faying,1
kesnaa,1
kerapihan,1
makann,1
ngemping,1
keuw,1
tersebeut,1
stock,1
tks,1
aseupannya,1
dinyalain,1
style,1
swafoti,1
menejemennyah,1
debeli,1
nyambil,1
euuy,1
permainanan,1
tentutakan,1
home,1
millenial,1
dibird,1
didpt,1
rekomendid,1
lokaasinya,1
kontek,1
rate,1
playingfox,1
piramid,1
bersihh,1
menggunaka,1
instagramebel,1
cashless,1
freelah,1
abiyaka,1
betfoto,1
bikil,1
effor,1
outside,1
ikutijejaksaya,1
geo,1
instagrameble,1
goha,1
sng,1
akhirya,1
tawarin,1
heehhe,1
dipelur,1
digowes,1
rilek,1
ao,1
luamayan,1
egak,1
mood,1
booster,1
ampyun,1
lainkali,1
aspasia,1
hots,1
ciomas,1
hrf,1
kordinasi,1
penyelengara,1
dibooking,1
dissapointing,1
type,1
didn,1
reserved,1
dirty,1
xoxoxo,1
penukarang,1
dkembaliin,1
tebayar,1
pwlampung,1
greencanyon,1
speechless,1
berpa,1
ddieland,1
hiace,1
chicken,1
sakpe,1
dusuguhi,1
pic,1
sesui,1
shre,1
setelh,1
dingiinn,1
kayanyaa,1
dibanyakin,1
debenahi,1
harung,1
gabagus,1
tanggaa,1
skematik,1
aletheaa,1
sbnr,1
saroeng,1
endorse,1
dianakyora,1
alakadarnya,1
recomeded,1
postingan,1
pulauyang,1
canoe,1
trashbag,1
bangeg,1
pertamakali,1
widata,1
suggest,1
keep,1
mask,1
kahuripsn,1
diaediakan,1
tjakepp,1
ngehits,1
plesiran,1
lifetime,1
leminerale,1
tangguban,1
diksh,1
begituh,1
soree,1
blii,1
dmasa,1
rateny,1
seiklasny,1
parkirny,1
twig,1
trurus,1
wlpun,1
biya,1
trtutup,1
puttputt,1
sunny,1
when,1
sky,1
unforgettable,1
moments,1
makanananya,1
haseupan,1
physical,1
distancing,1
packet,1
bauyar,1
recommanded,1
hijauu,1
karana,1
sebrangin,1
fotogenic,1
dipadalarang,1
nyesal,1
bannding,1
dengah,1
exploring,1
bertujusn,1
arc,1
jesuk,1
distinasi,1
enakt,1
kacagitu,1
umar,1
hahahahaaha,1
bhina,1
bhakti,1
qualitasnya,1
vs,1
jbatan,1
ngupi,1
powerr,1
batre,1
dijawa,1
refret,1
stady,1
perorg,1
cs,1
mahalin,1
beberap,1
nursery,1
souveir,1
tanpat,1
dibandinhkan,1
memenuhin,1
dengana,1
rendeman,1
pemamdian,1
setelahnyaa,1
incess,1
indomart,1
awkward,1
menaglir,1
refrsehing,1
nearby,1
heuleud,1
telephone,1
maxsimal,1
sleping,1
nutup,1
gwe,1
bks,1
setiabudi,1
ngajakin,1
ngecamo,1
newyork,1
itali,1
konfir,1
menikmari,1
mreeka,1
wagelaseh,1
kemdaraan,1
krispy,1
sangant,1
iconik,1
prawed,1
dibrikan,1
wisatapelesir,1
anakw,1
deg,1
tampatnya,1
ceater,1
nukarin,1
vouchernya,1
salahsatu,1
mengurangin,1
acr,1
sn,1
maa,1
tabarakallah,1
coffe,1
parkirr,1
little,1
dengam,1
wkw,1
activities,1
booked,1
breakfeast,1
walu,1
tqngkuban,1
hiar,1
yt,1
rifres,1
bannget,1
pokdarwis,1
amenities,1
pmandangan,1
batugamping,1
powerbank,1
rupee,1
fentilasinya,1
auzubillah,1
hamox,1
mskpn,1
byrpenyewaan,1
spda,1
trblng,1
blon,1
munkin,1
karn,1
lemngki,1
beraktifitas,1
dispar,1
pangheotan,1
termsuk,1
terbayarkn,1
old,1
shelfie,1
catering,1
enakk,1
nyeredet,1
hate,1
ningali,1
ngemplak,1
caina,1
mudaj,1
ngluarin,1
sajiakan,1
menghabisakn,1
jalnannya,1
memliki,1
campsite,1
nitip,1
kitchen,1
sweater,1
pemandabgan,1
peyem,1
shopping,1
sundanese,1
western,1
melaui,1
hahhaa,1
rabbits,1
duingin,1
max,1
periket,1
extracash,1
majet,1
didieland,1
aquaman,1
medos,1
wonderful,1
fotonable,1
tiktokan,1
special,1
gapapa,1
luoa,1
aduransi,1
bismillaah,1
maashallah,1
tabarrakalloh,1
cipada,1
taapii,1
penjulanya,1
information,1
goodluck,1
biyar,1
lebilin,1
docter,1
pokokny,1
sgat,1
biyaya,1
taxi,1
bluebird,1
pazalnya,1
standmobile,1
cimareme,1
ngelilingin,1
bajet,1
habisin,1
nembusnya,1
oubound,1
krasa,1
outond,1
nmbh,1
podengny,1
pmndngn,1
pmbngunan,1
whana,1
disyangkan,1
bye,1
iqbal,1
hendrian,1
employee,1
neduhnya,1
mengunjugi,1
walapun,1
masyaallohh,1
biasain,1
trash,1
outobund,1
stoberi,1
barbequean,1
wishlist,1
save,1
muncuk,1
begiyu,1
sajjah,1
menabjubkan,1
pendusuk,1
terjaungkau,1
gengs,1
getring,1
catching,1
nginepnya,1
brangkat,1
summer,1
instargramable,1
enao,1
perborg,1
skybridge,1
codok,1
mhal,1
begipula,1
careful,1
ur,1
children,1
cicadas,1
katumiri,1
palisir,1
pameungpeuk,1
banyay,1
december,1
rekomenin,1
meuni,1
handycam,1
creepy,1
diihitung,1
keb,1
tujub,1
okt,1
bngunannya,1
berasama,1
markernya,1
wakti,1
gtp,1
kbandung,1
belanjan,1
dnikmati,1
shuffle,1
iconya,1
historynya,1
dijalamin,1
dsk,1
bunny,1
jalannan,1
rbuan,1
ngode,1
skrgbada,1
swiming,1
tyap,1
stonegarden,1
gunungmasigit,1
patilisan,1
care,1
noted,1
gc,1
aor,1
boots,1
princess,1
buletan,1
adaojek,1
diexplore,1
engap,1
wisatawanya,1
share,1
banyakk,1
dinikmatinn,1
asikkss,1
seiqlasnya,1
fully,1
west,1
attraction,1
dperbaiki,1
dibadrol,1
menibggalkan,1
tanamanan,1
rekreaksi,1
kendaraam,1
banyuasin,1
tangkubanparahu,1
disamperin,1
simonyetna,1
monyetna,1
anggerek,1
verry,1
terllau,1
dsungai,1
karangtaruna,1
aesthetic,1
earth,1
tone,1
drinks,1
acaraa,1
daei,1
kuenceng,1
reception,1
matcha,1
keriwehan,1
aktifitaz,1
kbru,1
akhrny,1
pto,1
brng,1
dilewatin,1
cikanteh,1
ciletuh,1
expect,1
hike,1
extreme,1
injek,1
ngobatin,1
tenangg,1
ngecer,1
hehhe,1
ademin,1
sodara,1
ahmadsetianto,1
subscribe,1
tetus,1
bjat,1
ngenakin,1
bejubel,1
balekambang,1
panganten,1
bertanggunjawab,1
company,1
bekendara,1
heheheh,1
inshaa,1
color,1
properties,1
sambangin,1
ngocor,1
gaadaan,1
paradise,1
recommandend,1
mknn,1
prg,1
becandasayang,1
pokoe,1
maubke,1
citarasa,1
halodo,1
ads,1
gaperlu,1
routines,1
mengiyahkan,1
panjaang,1
cadh,1
menunuju,1
nyetak,1
daripuncak,1
spots,1
grow,1
pemandngan,1
mrngisi,1
sofar,1
intruksi,1
turunin,1
stasion,1
jaramandala,1
garde,1
dama,1
diajakin,1
pakaibsepeda,1
syekali,1
banyk,1
emil,1
much,1
supermarket,1
hijratul,1
fath,1
ecowisata,1
wisat,1
look,1
wed,1
kedit,1
kudakuda,1
jalanjalan,1
jelass,1
merkatiin,1
dikelolah,1
matibaya,1
inisdh,1
renobasi,1
melepaslan,1
dijanhkau,1
alamo,1
gardennya,1
ho,1
capasity,1
sekalia,1
hanua,1
hillsnya,1
gujan,1
ebih,1
jalananan,1
tehpucuk,1
skdr,1
ulallaa,1
ngabisin,1
ditmpat,1
bohongin,1
teenyata,1
abc,1
springs,1
carefully,1
seedikit,1
keceewa,1
lembekw,1
hadeuhh,1
utamain,1
tolakk,1
popmie,1
worthy,1
degree,1
pizza,1
djual,1
sapta,1
alfurqon,1
exotice,1
pbjek,1
jajajan,1
anyway,1
nanjaknya,1
kerren,1
kenjangkau,1
keliatahan,1
jujurly,1
ntaap,1
tunjukkin,1
papahare,1
altrnatif,1
paforitnya,1
ngebaca,1
scan,1
kmargi,1
aya,1
pround,1
god,1
menfoto,1
search,1
direction,1
fogi,1
forza,1
owner,1
part,1
ohya,1
dland,1
rekomenlah,1
still,1
rolah,1
menggangu,1
heels,1
setiker,1
nurunin,1
dibawain,1
luaar,1
malaam,1
sofenir,1
ngerampok,1
udha,1
enaknbuat,1
petting,1
sheep,1
owl,1
dove,1
exp,1
kls,1
cosplay,1
lohbuat,1
break,1
fotobayar,1
restorant,1
jalannannya,1
mashaallah,1
jelasin,1
dijagain,1
kareena,1
motocros,1
banayk,1
cucook,1
packer,1
daan,1
btl,1
forests,1
either,1
bberap,1
kecewain,1
bertoto,1
pijet,1
run,1
maks,1
seating,1
blackberry,1
atauoun,1
kalao,1
restoranya,1
rinabow,1
shoes,1
sneaker,1
shaf,1
gaberbau,1
jalannanya,1
tourguide,1
kelilingin,1
bedesak,1
nawar,1
ormg,1
inside,1
settingnya,1
british,1
pastry,1
glass,1
petfriendly,1
score,1
oia,1
vieuwnya,1
anteran,1
jepangan,1
maringgih,1
jiga,1
tasso,1
hatur,1
nuhun,1
stalagtit,1
oleholeh,1
wikipedia,1
nanggung,1
santorininya,1
backgorundnya,1
hapening,1
yaw,1
sanghiyang,1
terutaama,1
nicholas,1
saputra,1
puzzle,1
midah,1
dieksplor,1
give,1
star,1
gunungyg,1
kaeah,1
kedalemnyaa,1
ciumbuleiut,1
hanyab,1
baarakallahu,1
fiikum,1
vendorsnya,1
diuprade,1
swafhoto,1
closing,1
healling,1
pickup,1
cherry,1
dpake,1
otakk,1
tempatnyanya,1
pengunjingnya,1
berkeringet,1
tempetnya,1
palkiran,1
ngatrinya,1
reminder,1
magical,1
recomen,1
who,1
handsanitizer,1
badd,1
manners,1
exclude,1
mnit,1
puncakny,1
pambatas,1
bolju,1
phobia,1
ngira,1
pengnjung,1
otng,1
plying,1
lmn,1
trunan,1
wjib,1
alskaki,1
papingblok,1
nyangkut,1
dbkin,1
temans,1
jurassic,1
weekendd,1
tnmn,1
trn,1
gobyos,1
keringet,1
prosotannya,1
nahih,1
dbalikin,1
khusunya,1
wahama,1
lagee,1
last,1
least,1
sedkt,1
ozog,1
gubrag,1
olegun,1
photoin,1
ngajakinnya,1
pennggunaan,1
porsneling,1
kendraan,1
mangtab,1
booklet,1
dijangakau,1
breng,1
therapy,1
jalana,1
aspalnnya,1
smooking,1
ngerokok,1
highly,1
menghoda,1
riweuh,1
woven,1
piterban,1
hangtag,1
natawijaya,1
cibadak,1
astanaanyar,1
whatsaap,1
minunan,1
jass,1
mutermuter,1
castile,1
amphitheater,1
maybe,1
soon,1
soo,1
hihii,1
beautifull,1
balance,1
sepda,1
challenging,1
helpfull,1
ngapung,1
wae,1
twg,1
crater,1
ternjangkau,1
tedapat,1
hrgnya,1
ciawitali,1
extrime,1
ciwakari,1
cigulung,1
propane,1
indomi,1
hikin,1
madep,1
betebaran,1
rasbery,1
bngkus,1
selandia,1
nyelimuti,1
giant,1
elderly,1
filled,1
scenery,1
mnjuntai,1
mnambah,1
farm,1
weekand,1
kotamini,1
dutukar,1
kedapetan,1
discount,1
sangkuring,1
siqng,1
gasengaja,1
yaudah,1
kukulilingan,1
akstraksi,1
ekspektasimu,1
lobng,1
untuh,1
cukuo,1
reasonable,1
ytk,1
prmandangan,1
penerabfan,1
dlmi,1
softcopynya,1
groupie,1
latarbelakang,1
berfariasi,1
kko,1
semacem,1
aslina,1
prewednya,1
masturi,1
spn,1
js,1
organic,1
bajyak,1
romb,1
journey,1
stgh,1
definitely,1
future,1
berbedaa,1
khussus,1
poll,1
kalobisa,1
mengcover,1
shaking,1
three,1
intruktur,1
rematic,1
ataw,1
doggy,1
worted,1
menggasikan,1
